"Tipo Sistema","Descrizione","Latitude","Longitude","Altezza Livello Mare","Indirizzo","CAP","Località","Comune","Provincia","Regione","Nazione","Bacino"
"Stazione","Guadamello","42.467111","12.434944","59","SBARRAMENTO DI S.LIBERATO","05035","LAGO S.LIBERATO","Narni","TR","UMBRIA","ITA","LAGO S.LIBERATO"
"Stazione","Tevere a Ponte Felice","42.350583","12.461278","45","SS3 FLAMINIA - KM 61+500","01033","PONTE FELICE","CIVITA CASTELLANA","VT","LAZIO","ITA","B – Bac Medio Tevere"
"Stazione","Sabaudia","41.299500","13.027722","38","VIA DEI FORESTALI, 1-2/A","04016","CORPO FORESTALE DELLO STATO","SABAUDIA","LT","LAZIO","ITA","F – Bac Costieri Sud"
"Stazione","Aniene a Ponte Salario","41.939528","12.508361","23","SS4 KM6+600","00199","VIA SALARIA","ROMA","RM","LAZIO","ITA","E – Aniene"
"Stazione","Tor Vergata","41.851056","12.631111","80","VIA CRACOVIA","00133","UNIVERSITA' TOR VERGATA","ROMA","RM","LAZIO","ITA","E – Aniene"
"Stazione","Aniene a Lunghezza","41.927139","12.667444","43","VIA TENUTA DEL CAVALIERE","00010","LUNGHEZZA","ROMA","RM","LAZIO","ITA","E – Aniene"
"Stazione","Roma Macao","41.904000","12.507194","84","VIA MONZAMBANO 10","00185","ROMA","ROMA","RM","LAZIO","ITA","E – Aniene"
"Stazione","Tevere a Ripetta","41.905056","12.474389","19","PONTE CAVOUR","00186","PONTE CAVOUR","ROMA","RM","LAZIO","ITA","D – Roma"
"Stazione","Tevere a Villa Spada","41.961167","12.503083","25","VIA SALARIA 905/B","00189","PONTE ACEA SUL F.TEVERE","ROMA","RM","LAZIO","ITA","D – Roma"
"Stazione","Aniene a Ponte Lucano","41.955861","12.763111","54","SS5 TIBURTINA KM26+100","00019","TIVOLI","TIVOLI","RM","LAZIO","ITA","E – Aniene"
"Stazione","Viterbo","42.419861","12.106444","340","VIA MARCONI, 29","01100","GENIO CIVILE","VITERBO","VT","LAZIO","ITA","A –Bac Costieri Nord"
"Stazione","Aniene a Marano Equo","41.993861","13.021250","330","SP43A","00020","PONTE SUL F.ANIENE","MARANO EQUO","RM","LAZIO","ITA","E – Aniene"
"Stazione","Velino ad Antrodoco","42.421306","13.080028","498","SS4 KM 98+850","02013","PONTE SUL VELINO","ANTRODOCO","RI","LAZIO","ITA","C – Appennino Rieti"
"Stazione","Velino a Rieti","42.403000","12.871611","395","SR579 PONTE SUL VELINO","02100","PONTE CAVALLOTTI","RIETI","RI","LAZIO","ITA","C – Appennino Rieti"
"Stazione","Velino a Terria","42.442222","12.795528","384","PONTE SUL VELINO SP1 KM6+400","02100","TERRIA","RIETI","RI","LAZIO","ITA","C – Appennino Rieti"
"Stazione","Aniene a Subiaco","41.922667","13.093056","376","CASOTTO MISURE PORTATA - Largo Trieste","00028","SPONDA DEL F. ANIENE","SUBIACO","RM","LAZIO","ITA","E – Aniene"
"Stazione","Marana di Prima Porta","41.998750","12.491972","19","PONTE DI VIA FRASSINETO","00188","PRIMA PORTA","ROMA","RM","LAZIO","ITA","D – Roma"
"Stazione","Rio Galeria","41.817000","12.341806","10","VIA PORTUENSE","00050","PONTE GALERIA","ROMA","RM","LAZIO","ITA","D – Roma"
"Stazione","Nera a Guadamello","42.454139","12.423167","52","STRADA DEI POZZI",,"CENT.IDROELETTRICA G.MARCONI","NARNI","TR","UMBRIA","ITA","B – Bac Medio Tevere"
"Stazione","Turano a Rocca Sinibalda","42.298306","12.910722","413","SP31 KM12+400","020026","PONTE SUL T.TURANO","ROCCA SINIBALDA","RI","LAZIO","ITA","C – Appennino Rieti"
"Stazione","Tevere a Nazzano","42.151556","12.636722","53","SS4 DIR KM1+300","00065","PONTE SUL TEVERE","FIANO ROMANO","RM","LAZIO","ITA","B – Bac Medio Tevere"
"Stazione","Aniene a Centrale Acquoria","41.963111","12.785194","64","STRADA DELL' ACQUORIA, 1","00019","CENTRALE ENEL ACQUORIA","TIVOLI","RM","LAZIO","ITA","E – Aniene"
"Stazione","Salto a San Martino","42.326778","12.991500","439","SP67 KM1+900","02025","SAN MARTINO","PETRELLA SALTO","RI","LAZIO","ITA","C – Appennino Rieti"
"Stazione","Fosso Cremera a Labaro","41.987083","12.493167","25","SR3 FLAMINIA KM 11+700","00188","LABARO","ROMA","RM","LAZIO","ITA","D – Roma"
"Stazione","Fosso Corese a Passo Corese","42.151778","12.652194","30","PASSO CORESE",,"PASSO CORESE","FARA SABINA","RI","LAZIO","ITA","B – Bac Medio Tevere"
"Stazione","Nerola","42.161167","12.787222","419","CORSO UMBERTO 1°, 15","00017","MUNICIPIO DI NEROLA","NEROLA","RM","LAZIO","ITA","B – Bac Medio Tevere"
"Stazione","Fosso di Pratolungo","41.936444","12.598861","24","GRA CORSIA ESTERNA KM 29+500","00131","BORGATA S.BASILIO","ROMA","RM","LAZIO","ITA","E – Aniene"
"Stazione","Tevere a Fiumara","41.746306","12.255667","5","CANTIERE NAVALE NETTER","00054","FIUMARA GRANDE","FIUMICINO","RM","LAZIO","ITA","D – Roma"
"Stazione","Fondi","41.342167","13.418778","12","VIALE PIEMONTE, 140","04022","SEDE CONSORZIO BONIFICA","FONDI","LT","LAZIO","ITA","F – Bac Costieri Sud"
"Stazione","Moscarello a Borgo S.Maria","41.463056","12.811083","10","PONTE SUL FOSSO MOSCARELLO","04100","BORGO S.MARIA - VIA DEL CROCIFISSO","LATINA","LT","LAZIO","ITA","F – Bac Costieri Sud"
"Stazione","Mignone a S.S.Aurelia","42.180694","11.754944","5","SP45 (LITORANEA) KM 19+200","01016","PONTE SUL FIUME MIGNONE","TARQUINIA","VT","LAZIO","ITA","A -Bac Costieri Nord"
"Stazione","Arrone a Maccarese","41.882639","12.233194","11","VIALE TRE DENARI","00054","MACCARESE SCALO","FIUMICINO","RM","LAZIO","ITA","A –Bac Costieri Nord"
"Stazione","Fiora a Pitigliano","42.593556","11.598833","161","SR74 KM42+750","58017","PONTE SUL FIUME FIORA","PITIGLIANO","GR","TOSCANA","ITA","A –Bac Costieri Nord"
"Stazione","Fiora a Montalto di Castro","42.353917","11.599250","11","VIA AURELIA GROSSETO","01014","PONTE SUL FIORA EX SS1 AURELIA","MONTALTO DI CASTRO","VT","LAZIO","ITA","A –Bac Costieri Nord"
"Stazione","Marta a Tarquinia","42.256972","11.742528","28","P.TE SUL F.MARTA, DELLA  SP 102 EX SS 1 AURELIA","01016","TARQUINIA","TARQUINIA","VT","LAZIO","ITA","A –Bac Costieri Nord"
"Stazione","Montefiascone","42.529917","12.022750","560","VIA S.FRANCESCO 2","01027","CONVENTO FRATI CAPPUCCINI","MONTEFIASCONE","VT","LAZIO","ITA","A –Bac Costieri Nord"
"Stazione","Allumiere","42.157778","11.908722","534","VIA DEL FAGGETO, 1","00051","SCUOLA MEDIA MERTEL","ALLUMIERE","RM","LAZIO","ITA","A –Bac Costieri Nord"
"Stazione","Civitavecchia","42.096611","11.785333","15","MOLO VESPUCCI","00053","CIVITAVECCHIA","CIVITAVECCHIA","RM","LAZIO","ITA","A –Bac Costieri Nord"
"Stazione","Tuscania","42.408250","11.870389","176","VIA MADONNA DELL'OLIVO","01017","AREA SPORTIVA COMUNALE","TUSCANIA","VT","LAZIO","ITA","A –Bac Costieri Nord"
"Stazione","Bracciano","42.101972","12.174944","293","VIA PRINCIPE DI NAPOLI, 51","00062","SCUOLA ELEMENTARE","BRACCIANO","RM","LAZIO","ITA","A –Bac Costieri Nord"
"Stazione","Abbadia S.Salvatore","42.894250","11.669222","873","VIA ARNO - TERRENO COMUNALE","53021","LA SPIANATA","ABBADIA S.SALVATORE","SI","TOSCANA","ITA","A –Bac Costieri Nord"
"Stazione","Leonessa","42.578722","12.953500","929","C.APPENNINICO TERMINILLO","02016","VILLA MASSI","LEONESSA","RI","LAZIO","ITA","C – Appennino Rieti"
"Stazione","Posticciola","42.233528","12.942000","519","DIGA ENDESA","020026","POSTICCIOLA","ROCCA SINIBALDA","RI","LAZIO","ITA","C – Appennino Rieti"
"Stazione","Poggio Mirteto","42.270139","12.695250","188","VIA S.ANGELO","02047","POGGIO MIRTETO","POGGIO MIRTETO","RI","LAZIO","ITA","B – Bac Medio Tevere"
"Stazione","Subiaco-Scolastica","41.918722","13.110167","534","PIAZZALE S.SCOLASTICA","00028","MONASTERO S.SCOLASTICA","SUBIACO","RM","LAZIO","ITA","E – Aniene"
"Stazione","Ardea","41.611750","12.536833","18","VIA LAURENTINA KM 32+500","00040","SCUOLA MEDIA VIRGILIO","ARDEA","RM","LAZIO","ITA","F – Bac Costieri Sud"
"Stazione","Sezze","41.498472","13.058861","331","VIA DIAZ, 1","04018","MUNICIPIO DI SEZZE","SEZZE","LT","LAZIO","ITA","F – Bac Costieri Sud"
"Stazione","Velletri","41.683917","12.778694","328","SCUOLA MEDIA STATALE  ""A.VALLETRANO""","00049","VIALE REGINA MARGHERITA 33","VELLETRI","RM","LAZIO","ITA","F – Bac Costieri Sud"
"Stazione","Amaseno a Fossanova","41.433389","13.194500","6","P.TE SULL' AMASENO SP KM0+300","04010","PONTE FOSSANOVA","SONNINO","LT","LAZIO","ITA","F – Bac Costieri Sud"
"Stazione","Latina","41.471250","12.905917","33","CORSO MATTEOTTI, 101","04100","CONSORZIO BONIFICA LATINA","LATINA","LT","LAZIO","ITA","F – Bac Costieri Sud"
"Stazione","Terracina","41.286778","13.255722","7","ISTITUTO SAN GIUSEPPE","04019","VIA TRAIANO, 51","TERRACINA","LT","LAZIO","ITA","F – Bac Costieri Sud"
"Stazione","Liri a Civitella Roveto","41.915000","13.425778","520","VIA LIRI","67054","PONTE SUL LIRI","CIVITELLA ROVETO","AQ","ABRUZZO","ITA","G – Bacino del Liri"
"Stazione","Campoli Appennino","41.729750","13.679556","680","SERBATOIO DI VAL S.PIETRO","03030","SAN PANCRAZIO","CAMPOLI APPENNINO","FR","LAZIO","ITA","G – Bacino del Liri"
"Stazione","Pagliara","42.004472","13.318222","1060","STRADA COMUNALE PER PAGLIARA","67050","PAGLIARA DEI MARSI","CASTELLAFIUME","AQ","ABRUZZO","ITA","E – Aniene"
"Stazione","Melfa ad Atina","41.629444","13.769833","338","SR509 Km 62+420","03042","PONTE SUL F.MELFA","ATINA","FR","LAZIO","ITA","G – Bacino del Liri"
"Stazione","S.Apollinare Rlazio","41.402889","13.832083","30","VIA INDIPENDENZA","03048","CAMPO SPORTIVO","S.APOLLINARE","FR","LAZIO","ITA","G – Bacino del Liri"
"Stazione","Liri a Isola Liri","41.677000","13.564639","220","PONTE SUL FIUME LIRI DI VIA PIRANDELLO","03036","PONTE ""ALFREDO BARBATI""","ISOLA DEL LIRI","FR","LAZIO","ITA","G – Bacino del Liri"
"Stazione","Sacco a Colleferro","41.759500","12.978694","218","SR6 CASILINA KM47+150","00034","PONTE SUL F.SACCO","COLLEFERRO","RM","LAZIO","ITA","G – Bacino del Liri"
"Stazione","Cosa ad Alatri","41.724778","13.360194","316","PONTE DELL' ALLEGRA","03011","SP GUADO-FIORA-BADIA","ALATRI","FR","LAZIO","ITA","G – Bacino del Liri"
"Stazione","Liri a Ceprano","41.552694","13.518167","101","SR6 CASILINA KM105+500","03024","PONTE SUL FIUME LIRI","CEPRANO","FR","LAZIO","ITA","G – Bacino del Liri"
"Stazione","Melfa a Roccasecca","41.536389","13.647750","131","PONTE SUL MELFA SS6 KM121+100","03038","ROCCASECCA","ROCCASECCA","FR","LAZIO","ITA","G – Bacino del Liri"
"Stazione","Liri a Pontecorvo","41.450861","13.666611","62","PONTE NUOVO SUL FIUME LIRI","03037","PONTECORVO","PONTECORVO","FR","LAZIO","ITA","G – Bacino del Liri"
"Stazione","Rapido a Cassino","41.486639","13.840556","40","SS509 SVINCOLO CASSINO","03043","PONTE SUL FIUME RAPIDO","CASSINO","FR","LAZIO","ITA","G – Bacino del Liri"
"Stazione","Tevere a Castelgiubileo","41.988778","12.497889","18","VIA FLAMINIA, 1178","00050","LABARO","ROMA","RM","LAZIO","ITA","D – Roma"
"Stazione","Tevere a Porta Portese","41.880722","12.470556","17","VIA PORTUENSE, 49","00100","ROMA","ROMA","RM","LAZIO","ITA","D – Roma"
"Stazione","Aniene a Ponte Mammolo","41.923361","12.568444","32","P.TE SUL F.ANIENE SS5 TIBURTIN","00100","PONTE MAMMOLO","ROMA","RM","LAZIO","ITA","E – Aniene"
"Stazione","Castel Cellesi","42.586111","12.160889","369","VIA PASQUALE FRASCHINI","01022","CAMPO SPORTIVO","BAGNOREGIO","VT","LAZIO","ITA","B – Bac Medio Tevere"
"Stazione","Barbarano","42.254278","12.044417","326","TERRENO PRIVATO","01010","CASALE PETROLA","BARBARANO ROMANO","VT","LAZIO","ITA","A –Bac Costieri Nord"
"Stazione","Rocca Respampani","42.384000","11.928778","165","SP11 VETRALLESE KM13+300","01017","BORGO RIO SECCO","MONTE ROMANO","VT","LAZIO","ITA","A –Bac Costieri Nord"
"Stazione","Sorano Meteo","42.727944","11.684333","782","TERRENO USO CIVICO","58010","BELLINO","SORANO","GR","TOSCANA","ITA","A –Bac Costieri Nord"
"Stazione","Torrita Tiberina","42.225222","12.627278","41","VIA CELLI","00060","AZIENDA LA LUNA","TORRITA TIBERINA","RM","LAZIO","ITA","B – Bac Medio Tevere"
"Stazione","Collegio Romano","41.898667","12.480444","49","VIA DEL CARAVITA, 7/A","00186","MINISTERO AGRICOLTURA","ROMA","RM","LAZIO","ITA","D – Roma"
"Stazione","Frascati","41.809833","12.671444","291","VIA TUSCOLANA, 5 - VILLA SORA","00044","ISTITUTO SALESIANO","FRASCATI","RM","LAZIO","ITA","E – Aniene"
"Stazione","Tevere a Mezzocammino","41.808222","12.418194","34","PONTE SUL TEVERE G.R.A.","00144","MEZZOCAMMINO","ROMA","RM","LAZIO","ITA","D – Roma"
"Stazione","Tevere a Orte Scalo","42.443194","12.408750","53","PONTE FERROVIARIO SUL FIUME TEVERE","01028","ORTE SCALO","ORTE","VT","LAZIO","ITA","B – Bac Medio Tevere"
"Stazione","Tevere a Ponte del Grillo","42.086833","12.601944","36","SP TRAVERSA DEL GRILLO","00015","PONTE DEL GRILLO","MONTEROTONDO","RM","LAZIO","ITA","B – Bac Medio Tevere"
"Stazione","Tevere a Stimigliano","42.281833","12.558278","40","PONTE SUL TEVERE","02040","STIMIGLIANO SCALO","STIMIGLIANO","RI","LAZIO","ITA","B – Bac Medio Tevere"
"Stazione","Tivoli","41.962944","12.798639","257","PIAZZA DEL GOVERNO, 1","00019","MUNICIPIO DI TIVOLI","TIVOLI","RM","LAZIO","ITA","E – Aniene"
"Stazione","Cerveteri","41.999444","12.108583","117","VIA LOMBARDIA, 28","00052","SERBATOIO IDRICO","CERVETERI","RM","LAZIO","ITA","A –Bac Costieri Nord"
"Stazione","Tevere a Fidene","41.968917","12.494167","28","PONTE TUBO","00100","FIDENE","ROMA","RM","LAZIO","ITA","D – Roma"
"Stazione","Brusciano","42.276972","13.148389","1326","VIA RASCIANO","02023","VALICO SANT'ANGELO","FIAMIGNANO","RI","LAZIO","ITA","C – Appennino Rieti"
"Stazione","Colli sul Velino","42.497944","12.797167","475","PARCO PUBBLICO COMUNALE","02010","LE CASETTE","COLLI SUL VELINO","RI","LAZIO","ITA","C – Appennino Rieti"
"Stazione","Lugnano","42.434250","12.922500","528","SERBATOIO IDRICO VIA UMBRIA","02100","MADONNA DEL PASSO","RIETI","RI","LAZIO","ITA","C – Appennino Rieti"
"Stazione","Rivodutri","42.522694","12.864861","886","SERBATOIO IDRICO COMUNALE","02018","CEPPARO","RIVODUTRI","RI","LAZIO","ITA","C – Appennino Rieti"
"Stazione","Vivaro Romano","42.102139","13.005528","800","SERBATOIO IDRICO COMUNALE","00020","ORTELLO","VIVARO ROMANO","RM","LAZIO","ITA","C – Appennino Rieti"
"Stazione","Filettino","41.889306","13.329778","1060","AREA VERDE COMUNALE","03010","VILLAGGIO S.ANTONIO","FILETTINO","FR","LAZIO","ITA","E – Aniene"
"Stazione","Lenola","41.411694","13.448389","513","VIA LIBERO DE LIBERO","04025","AREA SPORTIVA COMUNALE","LENOLA","LT","LAZIO","ITA","F - Bac Costieri Sud"
"Stazione","Roma Bufalotta","41.956972","12.545500","53","VIA DELLA BUFALOTTA","00100","ACEA-IMPIANTO CECCHINA","ROMA","RM","LAZIO","ITA","E – Aniene"
"Stazione","Rosolino Pilo","41.882556","12.463111","81","CENTRO IDRICO ACEA","00100","PIAZZA ROSOLINO PILO","ROMA","RM","LAZIO","ITA","D – Roma"
"Stazione","Roma Sud","41.854194","12.499861","55","VIALE TOMMASO ODESCALCHI 71","00147","ROMA","ROMA","RM","LAZIO","ITA","D – Roma"
"Stazione","Zagarolo","41.832222","12.835028","345","SCUOLA MEDIA ""ALBIO TIBULLO""","00039","COLLE DEI FRATI","ZAGAROLO","RM","LAZIO","ITA","E – Aniene"
"Stazione","Baccano","42.118000","12.366917","226","VIA CASSIA","00063","VALLE DEL BACCANO","CAMPAGNANO DI ROMA","RM","LAZIO","ITA","D – Roma"
"Stazione","Fiano Romano","42.126667","12.607889","24","CAMPO VOLO EASY FLYTE","00065","SCORANO DI CAPENA","CAPENA","RM","LAZIO","ITA","B – Bac Medio Tevere"
"Stazione","Formello","42.079750","12.401028","225","VIA SAN LORENZO 7","00060","FORMELLO","ROMA","RM","LAZIO","ITA","D – Roma"
"Stazione","Massimina","41.885194","12.365583","70","VIA AURELIA VECCHIA 1211","00100","MASSIMINA","ROMA","RM","LAZIO","ITA","D – Roma"
"Stazione","Montelibretti","42.134833","12.738806","247","PIAZZA DELLA REPUBBLICA","00010","MONTELIBRETTI","ROMA","RM","LAZIO","ITA","B – Bac Medio Tevere"
"Stazione","Moricone","42.116889","12.773500","300","PIAZZALE SANTE AURELI 1","00010","MORICONE","MORICONE","RM","LAZIO","ITA","B – Bac Medio Tevere"
"Stazione","Palombara Sabina","42.066583","12.765028","366","VIA PIAVE 2","00018","PALOMBARA SABINA","PALOMBARA SABINA","RM","LAZIO","ITA","E – Aniene"
"Stazione","Roma EUR","41.828583","12.497306","53","VIA F.MORANDINI 30","00100","ITTL ""FRANCESCO DE PINEDO""","ROMA","RM","LAZIO","ITA","D – Roma"
"Stazione","Roma Flaminio","41.927917","12.468833","29","VIA DEI ROBILANT 11","00100","SCUOLA SUPERIORE PUBBLICA AMMINISTRAZIONE","ROMA","RM","LAZIO","ITA","D – Roma"
"Stazione","Roviano","42.032889","12.996889","717","STR.PER MONTE S.ELIA","00027","ROVIANO MONTE","ROVIANO","RM","LAZIO","ITA","E – Aniene"
"Stazione","Salone","41.911778","12.630667","32","VIA COLLATINA","00100","SALONE","ROMA","RM","LAZIO","ITA","E – Aniene"
"Stazione","Posta","42.528417","13.100806","703","IMPIANTO DI CANALIZZAZIONE ENE","02019","POSTA","POSTA","RI","LAZIO","ITA","C – Appennino Rieti"
"Stazione","Rocca di Papa","41.760194","12.710139","771","VIA DELL'OSSERVATORIO 40","00040","CAMPI DI ANNIBALE","ROCCA DI PAPA","RM","LAZIO","ITA","E – Aniene"
"Stazione","Borgorose","42.192944","13.231722","724","VIA ELIA MICANGELI","02021","BORGOROSE","BORGOROSE","RI","LAZIO","ITA","C – Appennino Rieti"
"Stazione","Cittareale","42.590472","13.163139","809","VIA S.S. SALARIA KM 300","02010","COLLENASSO","CITTAREALE","RI","LAZIO","ITA","C – Appennino Rieti"
"Stazione","Collalto Sabino","42.139833","13.048139","965","SERBATOIO IDRICO COMUNALE","02022","PARCO ""CHICO MENDEZ""","COLLALTO SABINO","RI","LAZIO","ITA","C – Appennino Rieti"
"Stazione","Micigliano","42.452111","13.053917","923","VIA DEI CAMPI","02010","MICIGLIANO","MICIGLIANO","RI","LAZIO","ITA","C – Appennino Rieti"
"Stazione","Anzio","41.449889","12.630361","19","VIA DI VILLA ADELE 1","00042","UFF. DIREZIONE GENERALE","ANZIO","RM","LAZIO","ITA","F – Bac Costieri Sud"
"Stazione","Roma Monte Mario","41.935472","12.435611","124","VIA TRIONFALE 7333","00100","SCUOLA ELEM NAZARIO SAURO","ROMA","RM","LAZIO","ITA","D – Roma"
"Stazione","Arsoli","42.036167","13.019806","365","VIA DELLE PRATA","00023","CAMPO SPORTIVO COMUNALE","ARSOLI","RM","LAZIO","ITA","E – Aniene"
"Stazione","Bagnoregio","42.626194","12.102556","460","VIA AGOSTI 7","01022","BAGNOREGIO","BAGNOREGIO","VT","LAZIO","ITA","B – Bac Medio Tevere"
"Stazione","Cittaducale","42.385778","12.951944","484","VIA CAVALIERI DI VITTORIO VENE","02015","CITTADUCALE","CITTADUCALE","RI","LAZIO","ITA","C – Appennino Rieti"
"Stazione","Guidonia","42.000111","12.726306","117","P.ZZA MATTEOTTI 2","00012","GUIDONIA","GUIDONIA MONTECELIO","RM","LAZIO","ITA","E – Aniene"
"Stazione","Licenza","42.074861","12.899833","490","VIA MATTEOTTI 2","00026","LICENZA","LICENZA","RM","LAZIO","ITA","E – Aniene"
"Stazione","Monterotondo ETG","42.051444","12.617000","172","P.ZZA G. MARCONI 1","00015","MONTEROTONDO","MONTEROTONDO","RM","LAZIO","ITA","D – Roma"
"Stazione","Morlupo","42.143583","12.506778","220","P.ZZA NARDUCCI 1","00067","MORLUPO","MORLUPO","RM","LAZIO","ITA","B – Bac Medio Tevere"
"Stazione","Palestrina","41.838000","12.881417","424","VIA PADEMONTANA","00036","PALESTRINA","PALESTRINA","RM","LAZIO","ITA","E – Aniene"
"Stazione","Riano","42.101389","12.503806","220","P.ZZA DEGLI EROI 7","00060","LA ROSTA","RIANO","RM","LAZIO","ITA","D – Roma"
"Stazione","Sorgenti Peschiera","42.365583","13.005028","410","IMPIANTO SOLLEVAMENTO ACEA","02010","SORGENTI DEL PESCHIERA","CASTEL SANT'ANGELO","RI","LAZIO","ITA","C – Appennino Rieti"
"Stazione","Soriano nel Cimino","42.422028","12.237222","411","SP64","01038","STADIO COMUNALE DEL CASALACCIO","SORIANO NEL CIMINO","VT","LAZIO","ITA","B – Bac Medio Tevere"
"Stazione","Trevi nel Lazio","41.863972","13.247528","773","VIA PER FILETTINO (SP28)","03010","SEDE COMUNALE","TREVI NEL LAZIO","FR","LAZIO","ITA","E – Aniene"
"Stazione","Monte Terminillo","42.455583","12.992750","1685","OSSERVATORIO M.TE TERMINILLO","02100","COLLE SCAMPETTI","RIETI","RI","LAZIO","ITA","C – Appennino Rieti"
"Stazione","Grottarossa","41.969217","12.495222","16",,,"GROTTAROSSA","ROMA","RM","LAZIO","ITA","D – Roma"
"Stazione","Marta a Piantata","42.409806","11.881222","124"," KM 19+900 SP2 TUSCANESE","01017","PIANTATA","TUSCANIA","VT","LAZIO","ITA","A –Bac Costieri Nord"
"Stazione","Fiora a Vulci","42.402000","11.630306","25","OPERA DI PRESA CONSORZIO BONIFICA MAREMMA ETRUSCA","01014","VULCI-CAMPOSCALA","MONTALTO DI CASTRO","VT","LAZIO","ITA","A –Bac Costieri Nord"
"Stazione","Ferentino","41.702944","13.261222","397","VIA CROCE TANI FUMONE","03013","SERBATOIO IDRICO","FERENTINO","FR","LAZIO","ITA","G – Bacino del Liri"
"Stazione","San Biagio Saracinisco","41.613722","13.948778","1057","STR.COMUNALE MASSERIA-GEREMIA","03040","FONTE RIVELATA","SAN BIAGIO SARACINISCO","FR","LAZIO","ITA","G – Bacino del Liri"
"Stazione","Veroli","41.672250","13.408278","334","CONTRADA COTROPAGNO","03029","COLLE PELERO","VEROLI","FR","LAZIO","ITA","G – Bacino del Liri"
"Stazione","Ceccano rlazio","41.578861","13.326361","130","SS156DIR KM3+800","03023","CECCANO","CECCANO","FR","LAZIO","ITA","G – Bacino del Liri"
"Stazione","Abbazia Trisulti","41.774611","13.404917","828","VIA SASIRGIA","03010","CIVITA (CHIESA S.NICOLA)","COLLEPARDO","FR","LAZIO","ITA","G – Bacino del Liri"
"Stazione","Sgurgola","41.685694","13.150889","171","CAMPO SPORTIVO COMUNALE","03010","CASA MANICCIA","SGURGOLA","FR","LAZIO","ITA","G – Bacino del Liri"
"Stazione","Amatrice","42.638444","13.287250","925","SERBATOIO EX CIT","02012","CORNILLO VECCHIO","AMATRICE","RI","LAZIO","ITA","C – Appennino Rieti"
"Stazione","Esperia","41.386778","13.657556","359","VIA CAPO D'ASCIOLO","03045","COLLE LACCIO","ESPERIA","FR","LAZIO","ITA","G – Bacino del Liri"
"Stazione","Spigno Saturnia","41.304222","13.732750","51","VIA PELLICO","04020","CAMPO BOARIO TENZA STRUTTURA","SPIGNO SATURNIA","LT","LAZIO","ITA","G – Bacino del Liri"
"Stazione","Manziana","42.135944","12.119278","416","SERBATOIO IDRICO - VIA TUSCANIA 125","00066","QUADRONI","Manziana","RM","LAZIO","ITA","A –Bac Costieri Nord"
"Stazione","Fontana Liri Superiore","41.610194","13.562083","386","VIA DELLA TORRETTA","03035","CONTRADA COLLE LE CASE","FONTANA LIRI","FR","LAZIO","ITA","G – Bacino del Liri"
"Stazione","Carpineto Romano","41.602878","13.088294","562","VIA GIACOMO MATTEOTTI","00032","CENTRO SOCIALE ANZIANI","CARPINETO ROMANO","RM","LAZIO","ITA","F – Bac Costieri Sud"
"Stazione","Settefrati","41.670167","13.852333","772","PIAZZA DEL MUNICIPIO","03040","OSTELLO COMUNALE SETTEFRATI","SETTEFRATI","FR","LAZIO","ITA","G – Bacino del Liri"
"Stazione","Ripi","41.603667","13.407556","170","VIA COSTE","03027","STADIO COMUNALE","RIPI","FR","LAZIO","ITA","G – Bacino del Liri"
"Stazione","Torrente Tafone","42.374750","11.557389","12","KM 114+800 SS1","01014","PONTE COMUNALE SUL T.TAFONE","MONTALTO DI CASTRO","VT","LAZIO","ITA","A –Bac Costieri Nord"
"Stazione","Paliano","41.789861","13.062250","461","VIA COLLE CAIANO","03018","CONTRADA COLLE CAIANO","PALIANO","FR","LAZIO","ITA","G – Bacino del Liri"
"Stazione","SS.Cosma e Damiano","41.274167","13.789778","10","STRADA COMUNALE AUSENTE","04020","GRUNUOVO","SANTI COSMA E DAMIANO","LT","LAZIO","ITA","G – Bacino del Liri"
"Stazione","Civitella Cesi","42.214528","12.028972","228","VIA DELLE CASE NUOVE","01010","MONTE GROSSO","BLERA","VT","LAZIO","ITA","A –Bac Costieri Nord"
"Stazione","Fiuggi","41.801889","13.241028","876","VIA VALLE DEL RICCIO","03014","SERBATOIO IDRICO","FIUGGI","FR","LAZIO","ITA","Cosa"
"Stazione","Cervaro","41.489944","13.905667","327","CIMITERO COMUNALE","03044","VIA LEONI - PAGLIONI","CERVARO","FR","LAZIO","ITA","G – Bacino del Liri"
"Stazione","S.Vito Romano","41.882861","12.971861","732","VIA DELL' OLMATA","00030","ELIPORTO PROT.CIVILE","SAN VITO ROMANO","RM","LAZIO","ITA","G – Bacino del Liri"
"Stazione","Campo di Carne","41.559583","12.640583","79","VIA DEI GIARDINI","04011","CAMPO DI CARNE","APRILIA","LT","LAZIO","ITA","F – Bac Costieri Sud"
"Stazione","Pomezia","41.663972","12.500806","90","VIA SINGEN","00040","AREA SPORTIVA COMUNALE","POMEZIA","RM","LAZIO","ITA","D – Roma"
"Stazione","Corchiano","42.352333","12.348556","214","VIA SANT'ANTONIO","01030","CAMPO SPORTIVO","CORCHIANO","VT","LAZIO","ITA","B – Bac Medio Tevere"
"Stazione","Frosinone","41.639194","13.315222","154","VIA ARMANDO  FABI","03100","EX MTC","FROSINONE","FR","LAZIO","ITA","G – Bacino del Liri"
"Stazione","Gaeta","41.220667","13.563306","73","VIA CUOSTILE - SEDE PROTEZIONE CIVILE","04024","CAPPUCCINI DI GAETA","GAETA","LT","LAZIO","ITA","F – Bac Costieri Sud"
"Stazione","Lanuvio","41.646083","12.661972","128","VIA CISTERNESE","00040","CAMPO SPORTIVO COMUNALE","LANUVIO","RM","LAZIO","ITA","F – Bac Costieri Sud"
"Stazione","Montasola","42.379361","12.690111","504","VIA TASCIONE","02040","CAMPO SPORTIVO A.BELLONI","MONTASOLA","RI","LAZIO","ITA","B – Bac Medio Tevere"
"Stazione","Osteria di Castro","41.512667","13.407000","242","SERBATOIO IDRICO","03020","MADONNA DELLA PACE","CASTRO DEI VOLSCI","FR","LAZIO","ITA","G – Bacino del Liri"
"Stazione","Borgo Montello","41.512583","12.769611","25","STRADA FERRIERE 21 (SP15- KM11)","04100","BORGO MONTELLO","LATINA","LT","LAZIO","ITA","F – Bac Costieri Sud"
"Stazione","Montalto di Castro meteo","42.329722","11.633306","35","SS1 ""VIA AURELIA"" - KM 105+300 ","01014","AREA COMUNALE","Montalto Di Castro","VT","LAZIO","ITA",
"Stazione","Itri","41.268083","13.524889","419",,"04020","MONTE CEFALO","ITRI","LT","LAZIO","ITA","F – Bac Costieri Sud"
"Stazione","Ischia di Castro","42.552889","11.763667","468","SERBATOIO IDRICO","01010","POGGIO SAN GIOVANNI","ISCHIA DI CASTRO","VT","LAZIO","ITA","A –Bac Costieri Nord"
"Stazione","Osteria Nuova","42.031583","12.299833","131","VIA BRACCIANENSE 771","00123","OSTERIA NUOVA","ROMA","RM","LAZIO","ITA","A –Bac Costieri Nord"
"Stazione","Mandrione","42.377250","11.791833","148","SP4 KM 4+100","01017","CASA CANTONIERA MANDRIONE","TUSCANIA","VT","LAZIO","ITA","A –Bac Costieri Nord"
"Stazione","Rignano Flaminio","42.209167","12.475333","312","VIA LEONCAVALLO SERB.IDRICO","00068","MONTE ONORIO","RIGNANO FLAMINIO","RM","LAZIO","ITA","B – Bac Medio Tevere"
"Stazione","Treia a Civita Castellana","42.291889","12.427917","60","SR3 KM52+400","01033","PONTE SUL T.TREIA","CIVITA CASTELLANA","VT","LAZIO","ITA","B – Bac Medio Tevere"
"Stazione","Rota","42.152667","12.008528","114","SP3A KM 1+900","00059","PONTE VERGINESE-ROTA","TOLFA","RM","LAZIO","ITA","A –Bac Costieri Nord"
"Stazione","Tragliatella rlazio","42.019861","12.198167","165","VIA DI CASETTA MATTEI","00052","I TERZI","CERVETERI","RM","LAZIO","ITA","A –Bac Costieri Nord"
"Stazione","Canino rlazio","42.464361","11.748917","225","VIA ROMA, 4","01011","EX SEDE COMUNALE","CANINO","VT","LAZIO","ITA","A –Bac Costieri Nord"
"Stazione","Cecchina","41.700361","12.649917","257","PARCHEGGIO STADIO VIA ITALIA","00041","CECCHINA","ALBANO LAZIALE","RM","LAZIO","ITA","F – Bac Costieri Sud"
"Stazione","Paglia a Proceno","42.764278","11.856306","254","SR2 KM 135+900","01021","PONTE SUL F.PAGLIA","ACQUAPENDENTE","VT","LAZIO","ITA","A –Bac Costieri Nord"
"Stazione","Ronciglione rlazio","42.288028","12.207861","460","VIA ALDO MORO","01037","IMPIANTI SPORTIVI ""ANDREA MASCARUCCI""","RONCIGLIONE","VT","LAZIO","ITA","B – Bac Medio Tevere"
"Stazione","Fosso di Pantanello ad Ostia","41.717111","12.360833","5","PONTE FUSANO - VIA CROVIANA","00124","OSTIA","ROMA","RM","LAZIO","ITA","D – Roma"
"Stazione","Aprilia","41.593750","12.648389","85","PIAZZA ROMA","04011","MUNICIPIO","APRILIA","RM","LAZIO","ITA","F – Bac Costieri Sud"
"Stazione","Lago di Nemi","41.718778","12.699222","329","VIA DELLE NAVI DI TIBERIO 31","00040","LE PIAGGE","NEMI","RM","LAZIO","ITA","F – Bac Costieri Sud"
"Stazione","Priverno","41.470889","13.185750","85","VIA MADONNA DEL CALLE,1","04015","ISTITUTO S.TOMMASO D'AQUINO","PRIVERNO","LT","LAZIO","ITA","F – Bac Costieri Sud"
"Stazione","Norma","41.586972","12.970944","444","VIA SALVO D'ACQUISTO 1","04010","SCUOLA MEDIA ""DON CASSONI""","NORMA","LT","LAZIO","ITA","F – Bac Costieri Sud"
"Stazione","Vallecorsa","41.443944","13.408528","462","VIA ORTO MASTRANGELO","03020","SERBATOIO IDRICO","VALLECORSA","FR","LAZIO","ITA","F – Bac Costieri Sud"
"Stazione","Rio Cassano","41.372889","13.026361","34","VIA MIGLIARA CERASELLA 49","04016","CASERMA CFS - ALLOGGI DI SERVIZIO","SABAUDIA","LT","LAZIO","ITA","F – Bac Costieri Sud"
"Stazione","Cisterna di Latina","41.589556","12.823194","73","VIA TIZIANO","04012","AREA CENTRO SERVIZI COMUNALE","CISTERNA DI LATINA","LT","LAZIO","ITA","F – Bac Costieri Sud"
"Stazione","Cori","41.641361","12.915361","357","VIA GUGLIELMO MARCONI 4","04010","SCUOLA ELEMENTARE DI CORI","CORI","LT","LAZIO","ITA","F – Bac Costieri Sud"
"Stazione","Giuliano di Roma","41.541194","13.279528","343","VIA MARCONI 39","03020","SCUOLA ELEMENTARE ARMANDO FABI","GIULIANO DI ROMA","FR","LAZIO","ITA","F – Bac Costieri Sud"
"Stazione","Santa Severa","42.012278","11.978361","2","VIA AURELIA S.SEVERA 900","00058","SANTA SEVERA","SANTA MARINELLA","RM","LAZIO","ITA","A –Bac Costieri Nord"
"Stazione","Ladispoli rlazio","41.954972","12.070000","14","PIAZZA GIOVANNI FALCONE","00055","COMUNE DI LADISPOLI","LADISPOLI","RM","LAZIO","ITA","A –Bac Costieri Nord"
"Stazione","Trevignano Romano","42.157333","12.246528","200","VIA MONTICELLO","00069","STAZIONE DI POMPAGGIO","TREVIGNANO ROMANO","RM","LAZIO","ITA","A –Bac Costieri Nord"
"Stazione","Valentano","42.556861","11.833778","494","VIA ALDO MORO","01018","AREA SPORTIVA COMUNALE","VALENTANO","VT","LAZIO","ITA","A –Bac Costieri Nord"
"Stazione","Monte Romano","42.267556","11.900389","233","LARGO CORONA 2","01010","MONTE ROMANO","MONTE ROMANO","VT","LAZIO","ITA","A –Bac Costieri Nord"
"Stazione","Maccarese rlazio","41.817389","12.219389","3","VIALE IDROVORE DI FIUMICINO 304","00054","FOCENE","FIUMICINO","RM","LAZIO","ITA","D – Roma"
"Stazione","Marta","42.534833","11.932861","309","VIA GUGLIELMO MARCONI","01010","PORTO DI MARTA","MARTA","VT","LAZIO","ITA","A –Bac Costieri Nord"
"Stazione","Sasso Furbara","42.054806","12.045778","319","VIA PATRIZI MONTORO 2","00052","SASSO","CERVETERI","RM","LAZIO","ITA","A –Bac Costieri Nord"
"Stazione","Bolsena","42.653444","11.972167","343","STRADA PODERNUOVO","01023","AREA ECOLOGICA","BOLSENA","VT","LAZIO","ITA","A –Bac Costieri Nord"
"Stazione","Salisano","42.260500","12.752417","417","VIA RASCIANO","02040",,"SALISANO","RI","LAZIO","ITA","B – Bac Medio Tevere"
"Stazione","Sorgenti Capore","42.233444","12.810139","259","IMPIANTI DI CAPTAZIONE ACEA","02030","SORGENTI CAPORE","CASAPROTA","RI","LAZIO","ITA","B – Bac Medio Tevere"
"Stazione","Passo Corese ETG","42.169556","12.658972","206","CAMPO SPORTIVO ""A. DI TOMMASO""-VIA GROTTE DI TORRI","02032","PASSO CORESE","Fara Sabina","RI","LAZIO","ITA","B – Bac Medio Tevere"
"Stazione","Lago di Albano","41.746111","12.653972","293","VIA DEI PESCATORI 23","00040","LAGO DI ALBANO","CASTEL GANDOLFO","RM","LAZIO","ITA","D – Roma"
"Stazione","Acquapendente","42.744222","11.877000","402","VIA CADUTI DEL LAVORO","01021","CIMITERO ACQUAPENDENTE","ACQUAPENDENTE","VT","LAZIO","ITA","A –Bac Costieri Nord"
"Stazione","Sutri","42.241611","12.224472","295","PIAZZA DEL COMUNE 32","01015","MUNICIPIO","SUTRI","VT","LAZIO","ITA","B – Bac Medio Tevere"
"Stazione","Nepi","42.241111","12.337750","235","VIA ROMA 71","01036","ISTITUTO STRADELLA","NEPI","VT","LAZIO","ITA","B – Bac Medio Tevere"
"Stazione","Incastro ad Ardea","41.601111","12.532583","11","VIA DELLA BANDINELLA","00040","ARDEA","ARDEA","RM","LAZIO","ITA","F – Bac Costieri Sud"
"Stazione","Nera a S.Liberato","42.456833","12.426306","52","STRADA DEI POZZI","01028","C.LE IDROELETTRICA MARCONI","ORTE","VT","LAZIO","ITA","B – Bac Medio Tevere"
"Stazione","Lago del Salto","42.280139","13.025167","541","SP67 KM9+500, TORRINO DI PRESA DIGA DEL SALTO","02025","DIGA DEL SALTO","PETRELLA SALTO","RI","LAZIO","ITA","C – Appennino Rieti"
"Stazione","Lago del Turano","42.232861","12.942139","541","TORRINO DI PRESA DIGA DEL TURANO","02026","DIGA DEL TURANO","ROCCA SINIBALDA","RI","LAZIO","ITA","C – Appennino Rieti"
"Stazione","Tevere a Capo due Rami","41.781833","12.279194","4","VIA PORTUENSE","00054","CAPO DUE RAMI","FIUMICINO","RM","LAZIO","ITA","D – Roma"
"Stazione","Ponza","40.929361","12.969667","47","VIA PIANA","04020","LA PIANA","PONZA","LT","LAZIO","ITA","F – Bac Costieri Sud"
"Stazione","Fibreno a Broccostella","41.697167","13.665167","290","SR627 - PONTE SUL F.FIBRENO","03030","Ponte Tapino","Broccostella","FR","LAZIO","ITA","G – Bacino del Liri"
"Stazione","Tevere a Foro Italico","41.939556","12.486000","26","VIA DEL FORO ITALICO","00100","PONTE TOR DI QUINTO","Roma","RM","LAZIO","ITA",
"Stazione","Astura ad Acciarella","41.451278","12.761750","7","SP38 BORGO PIAVE-ACCIARELLA, KM9+600","04100","PONTE SUL F.ASTURA  ","Latina","LT","LAZIO","ITA","F - Bac Costieri Sud"
"Stazione","Sisto a Pontinia","41.410750","13.026972","8","SP MIGLIARA 47 - KM 1","04014","PONTE SUL FIUME SISTO","Pontinia","LT","LAZIO","ITA","F – Bac Costieri Sud"
"Stazione","Ufente a Ponte Ferraioli","41.462417","13.098417","6","SP47 - KM 5+700 MIGLIARA","04018","PONTE FERRAIOLI","Sezze","LT","LAZIO","ITA","F – Bac Costieri Sud"
"Stazione","Vico nel Lazio","41.776111","13.337750","622","PARCHEGGIO CIMITERO - SP246","03010","VICO NEL LAZIO","Vico Nel Lazio","FR","LAZIO","ITA",
"Stazione","Tevere ad Attigliano","42.506806","12.278111","62","SP20 ""BOMARZESE"" - KM 6+900","01020","PONTE SUL FIUME TEVERE","Bomarzo","VT","LAZIO","ITA","B – Bac Medio Tevere"
"Stazione","Valle del Rio","41.752722","13.727806","915","VIA TIRICHIANO - INCROCIO SS 666 E SP 226","03041","VALLE DEL RIO","Alvito","FR","LAZIO","ITA",
"Stazione","Piedimonte San Germano","41.496444","13.755278","98","VIALE BRUNELLESCHI","03030","CAMPO SPORTIVO COMUNALE","Piedimonte San Germano","FR","LAZIO","ITA",
"Stazione","Campodimele","41.399806","13.531694","708","STRADA SERBATOIO COMUNALE","04020","MORRICONE","Campodimele","LT","LAZIO","ITA",
"Stazione","Pianetto","42.545083","11.637222","214","SERBATOIO IDRICO","01010","PIANETTO","Ischia Di Castro","VT","LAZIO","ITA",
"Stazione","Poggio Perugino","42.350389","12.758361","821","VIA COSTE","02010","POGGIO PERUGINO","Rieti","RI","LAZIO","ITA",
"Stazione","Colle San Magno","41.560194","13.677639","529","VIA POZZACA","03030","VARCIOSA","Colle San Magno","FR","LAZIO","ITA",
"Stazione","San Marino","41.670139","13.094806","312","PIAZZA PAPA GIOVANNI II","00030","SAN MARINO","Gorga","RM","LAZIO","ITA",
"Stazione","Rocca Santo Stefano","41.911222","13.022194","617","CIRCONVALLAZIONE DEL MONTE","00030","ROCCA SANTO STEFANO","Rocca Santo Stefano","RM","LAZIO","ITA",
"Stazione","Sambuci","41.991167","12.947000","614","VIA COLLE GINESTRA 15","00020","SAMBUCI","Sambuci","RM","LAZIO","ITA",
"Stazione","Poggio Moiano","42.207750","12.950611","543","VIA DELLO SPORT","02037","CAMPO SPORTIVO COMUNALE","Poggio Moiano","RI","LAZIO","ITA",
"Stazione","Fianello","42.374750","12.561889","214","VIA SANTA MARIA","02040","FIANELLO","Montebuono","RI","LAZIO","ITA",
"Stazione","Rocca Romana","42.171556","12.243167","347","VIA SUTRI","00069","CAMPO SPORTIVO","Trevignano Romano","RM","LAZIO","ITA",
"Stazione","Vallepietra","41.925389","13.233278","865","SP 29/C KM 0+800","00020","VALLEPIETRA","Vallepietra","RM","LAZIO","ITA",
"Stazione","Cosa a Frosinone","41.647694","13.357028","190","VIA CAIO MARIO","03100","PONTE COMUNALE SUL F. COSA","Frosinone","FR","LAZIO","ITA","G – Bacino del Liri"
"Stazione","Liri a Madonna Della Pace","41.762639","13.607500","298","PONTE SUL FIUME LIRI - SP173  ","03039","MADONNA DELLA PACE","Sora","FR","LAZIO","ITA","G – Bacino del Liri"
"Stazione","Colle la Croce","42.569000","13.027250","1100","SERBATOIO IDRICO SOGEA - FRAZIONE COMULATA","02016","COLLA LA CROCE","Leonessa","RI","LAZIO","ITA",
"Stazione","Campaegli","41.972667","13.105750","1436","VIA DELLA VOLPE ROSSA","00020","CAMPAEGLI","Cervara Di Roma","RM","LAZIO","ITA",
"Stazione","Cimino","42.417306","12.210667","851","AREA EX TIRO A VOLO - SP62 KM3+300","01038","MONTE CIMINO","Soriano Nel Cimino","VT","LAZIO","ITA","B – Bac Medio Tevere"
"Stazione","Malafede","41.783528","12.407222","13","KM 16+600 DI VIA CRISTOFORO COLOMBO","00127","VITINIA","Vitinia","RM","LAZIO","ITA","D – Roma"
"Stazione","Graffignano","42.573111","12.207528","180","VIA CORNIOLE","01020","CAMPO SPORTIVO GRAFFIGNANO","Graffignano","VT","LAZIO","ITA","B – Bac Medio Tevere"
"Stazione","Sacco a Ceccano","41.568778","13.337778","132","PIAZZALE EUROPA","03023","PASSERELLA PEDONALE SUL FIUME SACCO","Ceccano","FR","LAZIO","ITA",
"Stazione","Configni","42.423139","12.651556","437","SS 313 KM 37+400","02040","AREA CIMITERO COMUNALE","Configni","RIETI","LAZIO","ITA","B – Bac Medio Tevere"
"Stazione","Marana a Villa Livia","41.999500","12.495194","24","VIA DELLA VILLA DI LIVIA","00188","ROMA","Roma","RM","LAZIO","ITA","D – Roma"
"Stazione","San Giorgio a Liri","41.419528","13.772944","44","SS630 Km 8+100","03047","SAN GIORGIO A LIRI","San Giorgio A Liri","FR","LAZIO","ITA","G – Bacino del Liri"
"Stazione","Supino","41.601778","13.174861","1075","MONTE MALAINA","03019","SANTA SERENA","Supino","FR","LAZIO","ITA",
"Stazione","Fosso di Vallerano","41.821694","12.445972","14","VIA PIANA DI MONTORIO","00100","MONTORIO","Roma","RM","LAZIO","ITA","D – Roma"
"Stazione","Vetralla Rlazio","42.332472","12.090694","399","VIA DEL BOSCO","01019","TRE CROCI","Vetralla","VT","LAZIO","ITA","A –Bac Costieri Nord"
"Ripetitore","Poggio Ombricolo","42.142361","11.892694","563","TRALICCIO GUARDIA DI FINANZA","00051","POGGIO OMBRICOLO","ALLUMIERE","RM","LAZIO","ITA","A –Bac Costieri Nord"
"Ripetitore","Mario","41.922500","12.452278","164","VIALE DEL PARCO MELLINI","00136","MONTE MARIO","ROMA","RM","LAZIO","ITA","D – Roma"
"Ripetitore","Cosce Rlazio","42.410694","12.630472","1114","POSTAZIONE RADIO DEL MONTE COS","02040","MONTE COSCE","CONFIGNI","RI","LAZIO","ITA","B – Bac Medio Tevere"
"Ripetitore","Terminillo","42.459806","12.985111","1887","TELEPOSTO A.M.","02017","MONTE TERMINILLO","RIETI","RI","LAZIO","ITA","C – Appennino Rieti"
"Ripetitore","Paolino","41.383639","13.811750","360","CONTRADA BARRUZZA","03048","VADO DI VAGLIA","SANT'APOLLINARE","FR","LAZIO","ITA","G – Bacino del Liri"
"Ripetitore","Cicuto","41.624083","13.768556","652","VIA MONTE CICUTO","03042","MONTE CICUTO","ATINA","FR","LAZIO","ITA","G – Bacino del Liri"
"Ripetitore","Fogliano","42.325972","12.142750","980","TRALICCIO TELECOM","01019","MONTE FOGLIANO","VETRALLA","VT","LAZIO","ITA","B – Bac Medio Tevere"
"Ripetitore","Secco","41.696722","12.719194","524","POSTAZIONE RAI","00049","MONTE SECCO","VELLETRI","RM","LAZIO","ITA","F – Bac Costieri Sud"
"Ripetitore","Guadagnolo","41.913778","12.927472","1226","MONTE GUADAGNOLO","00030","GUADAGNOLO","CAPRANICA PRENESTINA","RM","LAZIO","ITA","E – Aniene"
"Ripetitore","Scalambra Rlazio","41.847778","13.114889","1402","TRALICCIO RADIO MASEL","03010","MONTE SCALAMBRA","SERRONE","FR","LAZIO","ITA","E – Aniene"
"Ripetitore","La Cerasa","42.555500","13.096722","1505","COLLE MORETTO","02019","MONTE LA CERASA","POSTA","RI","LAZIO","ITA","C – Appennino Rieti"
"Ripetitore","Campo Catino","41.835111","13.334278","1830","SEGGIOVIA QUADRIPOSTO PEGASO","03016","CAMPO CATINO","GUARCINO","FR","LAZIO","ITA","E – Aniene"
"Ripetitore","Pendenza","42.361417","13.017833","888","SERBATOIO SP2 - VIA DE GASPERI","02015","PENDENZA","CITTADUCALE","RI","LAZIO","ITA","C – Appennino Rieti"
"Ripetitore","Ricetto","42.177694","13.063861","993","SERBATOIO IDRICO","02022","RICETTO","COLLALTO SABINO","RI","LAZIO","ITA","C – Appennino Rieti"
"Ripetitore","Chiavino","41.411722","13.433861","1019","C/O POSTAZIONE RADIO VVFF","04025","MONTE CHIAVINO","LENOLA","LT","LAZIO","ITA","F – Bac Costieri Sud"
"Ripetitore","Fogliano riserva","42.325972","12.142750","980","TRALICCIO TELECOM","01037","MONTE FOGLIANO","VETRALLA","VT","LAZIO","ITA","B – Bac Medio Tevere"
"Ripetitore","Guadagnolo riserva","41.913778","12.927472","1215","MONTE GUADAGNOLO",,"GUADAGNOLO","CAPRANICA PRENESTINA","RM","LAZIO","ITA","E – Aniene"
"Ripetitore","Scalambra Rlazio riserva","41.847778","13.114889","1402","TRALICCIO RADIO MASEL","03010","MONTE SCALAMBRA","SERRONE","FR","LAZIO","ITA","E – Aniene"
"Ripetitore","Secco riserva","41.696722","12.719194","513","POSTAZIONE RAI",,"MONTE SECCO","VELLETRI","RM","LAZIO","ITA","F – Bac Costieri Sud"
"Ripetitore","Terminillo riserva","42.459806","12.985111","1887","TELEPOSTO A.M.","02100","MONTE TERMINILLO","RIETI","RI","LAZIO","ITA","C – Appennino Rieti"
"Ripetitore","Mario riserva","41.922500","12.452278","135","VIALE DEL PARCO MELLINI",,"MONTE MARIO","ROMA","RM","LAZIO","ITA","D – Roma"
"Ripetitore","Cosce Rlazio riserva","42.410694","12.630472","1114","POSTAZIONE RADIO DEL MONTE COS",,"MONTE COSCE","CONFIGNI","RI","LAZIO","ITA","B – Bac Medio Tevere"
"Ripetitore","Cicuto riserva","41.624083","13.768556","652","VIA MONTE CICUTO","03042","MONTE CICUTO","ATINA","FR","LAZIO","ITA","G – Bacino del Liri"
"Ripetitore","Poggio Ombricolo riserva","42.142361","11.892694","563","TRALICCIO GUARDIA DI FINANZA","00051","POGGIO OMBRICOLO","ALLUMIERE","RM","LAZIO","ITA","A –Bac Costieri Nord"
"Ripetitore","Chiavino riserva","41.411722","13.433861","1019","C/O POSTAZIONE RADIO VVFF","04025","MONTE CHIAVINO","LENOLA","LT","LAZIO","ITA","F – Bac Costieri Sud"
"Ripetitore","Campo Catino riserva","41.835111","13.334278","1830","SEGGIOVIA QUADRIPOSTO PEGASO","03016","CAMPO CATINO","GUARCINO","FR","LAZIO","ITA","E – Aniene"
"Ripetitore","Pendenza riserva","42.361417","13.017833","888","SERBATOIO SP2 - VIA DE GASPERI","02015","PENDENZA","CITTADUCALE","RI","LAZIO","ITA","C – Appennino Rieti"
"Ripetitore","Monte Circeo riserva","41.231250","13.078278","395","POSTAZIONE RADIO,GUARDIA DI FI","04017","MONTE CIRCEO","S.FELICE CIRCEO","LT","LAZIO","ITA","F – Bac Costieri Sud"
"Ripetitore","Paolino riserva","41.383639","13.811750","360","CONTRADA BARRUZZA",,"VADO DI VAGLIA","SANT'APOLLINARE","FR","LAZIO","ITA","G – Bacino del Liri"
"Ripetitore","Tolfa","42.153444","11.937083","535","VIA DEL FICO","00059","POGGIO DELLE CROCI","TOLFA","RM","LAZIO","ITA","A –Bac Costieri Nord"
"Ripetitore","Frasso Sabino","42.225889","12.811528","471","ACQUEDOTTO CONSORZIALE CAPORE","02030","IMMAGINETTA","FRASSO SABINO","RI","LAZIO","ITA","B – Bac Medio Tevere"
"Ripetitore","Colle Macchia","42.268389","13.024833","839","SERBATOIO IDRICO DI COLLE MACCHIA","02020","ROCCA VITTIANA","VARCO SABINO","RI","LAZIO","ITA","C – Appennino Rieti"
"Ripetitore","Passo Bastia","41.368111","13.728306","462","VIA FORCELLA","03040","PASSO BASTIA","AUSONIA","LT","LAZIO","ITA","G – Bacino del Liri"
"Ripetitore","Roccasecca dei Volsci","41.473333","13.217333","616","VIA ORTO NUOVO","04010","MONTE CURIO","ROCCASECCA DEI VOLSCI","LT","LAZIO","ITA","F – Bac Costieri Sud"
"Ripetitore","Penna in Teverina","42.498694","12.368556","295","STRADA PENNESE AMERINA","05028","CIMITERO COMUNALE","PENNA IN TEVERINA","TR","UMBRIA","ITA","TEVERE"
"Ripetitore","Sorgenti Rapiglio","41.602222","13.053056","932","STRADA PER LE SORG.RAPIGLIO","00032","SCALA POTENZA","CARPINETO ROMANO","RM","LAZIO","ITA","G – Bacino del Liri"
"Ripetitore","Monte Circeo HS","41.231250","13.078278","395","POSTAZIONE RADIO,GUARDIA DI FI","04017","MONTE CIRCEO","S.FELICE CIRCEO","LT","LAZIO","ITA","F – Bac Costieri Sud"
"Ripetitore","Sorano HS","42.731667","11.645583","615","Casa Testi","58010","Casa Testi","SORANO","GR","TOSCANA","ITA","FIORA"
"Ripetitore","Torricchia HS","42.286361","12.903500","667","SERBATOIO IDRICO COMUNALE","02026","TORRICCHIA","ROCCA SINIBALDA","RI","LAZIO","ITA","C – Appennino Rieti"
"Ripetitore","Autore HS","41.956556","13.240500","1431","SP 29/C KM 10+500","00020","SANTUARIO S.S.TRINITA' - M.TE AUTORE","Vallepietra","RM","LAZIO","ITA",
"Ripetitore","Monte Orlando HS","41.205528","13.574750","120","PARCO URBANO MONTE ORLANDO","04024","EX COMANDO POLVERIERE FERDINANDO","Gaeta","LT","LAZIO","ITA",
"Stazione","Castello Vici","42.096091","12.279195","165","PARCO URBANO MONTE ORLANDO","04024","EX COMANDO POLVERIERE FERDINANDO","Gaeta","LT","LAZIO","ITA",
"Stazione","Lago di Corbara","42.710014","12.260151","140","PARCO URBANO MONTE ORLANDO","04024","EX COMANDO POLVERIERE FERDINANDO","Gaeta","LT","LAZIO","ITA",
"Stazione","S.Cosimato-Mandela","42.025592","12.919344","400","PARCO URBANO MONTE ORLANDO","04024","EX COMANDO POLVERIERE FERDINANDO","Gaeta","LT","LAZIO","ITA",
"Stazione","Sora","41.716452","13.612438","340","PARCO URBANO MONTE ORLANDO","04024","EX COMANDO POLVERIERE FERDINANDO","Gaeta","LT","LAZIO","ITA",
